{"cameraMode":{"drawMode":0,"name":"Shaded","section":"Shading Mode"},"sceneLighting":true,"audioPlay":false,"sceneViewState":{"m_AlwaysRefresh":false,"showFog":true,"showSkybox":true,"showFlares":true,"showImageEffects":true,"showParticleSystems":true,"showVisualEffectGraphs":true,"m_FxEnabled":true},"in2DMode":false,"pivot":{"x":-4.693921089172363,"y":-1.1562247276306153,"z":15.09959888458252},"rotation":{"x":-0.21954497694969178,"y":0.04387040063738823,"z":-0.015161614865064621,"w":-0.9750152230262756},"size":10.217534065246582,"orthographic":false}