{"cameraMode":{"drawMode":0,"name":"Shaded","section":"Shading Mode"},"sceneLighting":true,"audioPlay":false,"sceneViewState":{"m_AlwaysRefresh":false,"showFog":true,"showSkybox":true,"showFlares":true,"showImageEffects":true,"showParticleSystems":true,"showVisualEffectGraphs":true,"m_FxEnabled":true},"in2DMode":false,"pivot":{"x":0.9021835327148438,"y":1.870100975036621,"z":1.7802538871765137},"rotation":{"x":-0.05645142123103142,"y":0.8892885446548462,"z":-0.4397852420806885,"w":-0.11337397247552872},"size":3.6511964797973635,"orthographic":false}