{"cameraMode":{"drawMode":0,"name":"Shaded","section":"Shading Mode"},"sceneLighting":true,"audioPlay":false,"sceneViewState":{"m_AlwaysRefresh":false,"showFog":true,"showSkybox":true,"showFlares":true,"showImageEffects":true,"showParticleSystems":true,"showVisualEffectGraphs":true,"m_FxEnabled":true},"in2DMode":false,"pivot":{"x":1.6990100145339966,"y":3.184359073638916,"z":10.551050186157227},"rotation":{"x":0.5130033493041992,"y":-0.019014719873666765,"z":0.011416030116379261,"w":0.8581357598304749},"size":3.411656379699707,"orthographic":false}