{"cameraMode":{"drawMode":0,"name":"Shaded","section":"Shading Mode"},"sceneLighting":true,"audioPlay":false,"sceneViewState":{"m_AlwaysRefresh":false,"showFog":true,"showSkybox":true,"showFlares":true,"showImageEffects":true,"showParticleSystems":true,"showVisualEffectGraphs":true,"m_FxEnabled":true},"in2DMode":false,"pivot":{"x":-9.856801986694336,"y":2.458435535430908,"z":1.4384076595306397},"rotation":{"x":0.24121062457561494,"y":-0.6601570248603821,"z":0.23748566210269929,"w":0.6705803871154785},"size":3.6524434089660646,"orthographic":false}