{"cameraMode":{"drawMode":0,"name":"Shaded","section":"Shading Mode"},"sceneLighting":true,"audioPlay":false,"sceneViewState":{"m_AlwaysRefresh":false,"showFog":true,"showSkybox":true,"showFlares":true,"showImageEffects":true,"showParticleSystems":true,"showVisualEffectGraphs":true,"m_FxEnabled":true},"in2DMode":false,"pivot":{"x":10.339008331298829,"y":32.9784049987793,"z":19.769315719604493},"rotation":{"x":0.08210022002458573,"y":-0.12050596624612808,"z":0.01015942171216011,"w":0.9893590807914734},"size":1.5283141136169434,"orthographic":false}