{"cameraMode":{"drawMode":0,"name":"Shaded","section":"Shading Mode"},"sceneLighting":true,"audioPlay":false,"sceneViewState":{"m_AlwaysRefresh":false,"showFog":true,"showSkybox":true,"showFlares":true,"showImageEffects":true,"showParticleSystems":true,"showVisualEffectGraphs":true,"m_FxEnabled":true},"in2DMode":false,"pivot":{"x":-6.843075275421143,"y":3.6304914951324465,"z":3.0283524990081789},"rotation":{"x":0.06549479067325592,"y":-0.6966896057128906,"z":0.06415765732526779,"w":0.7115045785903931},"size":1.2665257453918458,"orthographic":false}