{"cameraMode":{"drawMode":0,"name":"Shaded","section":"Shading Mode"},"sceneLighting":true,"audioPlay":false,"sceneViewState":{"m_AlwaysRefresh":false,"showFog":true,"showSkybox":true,"showFlares":true,"showImageEffects":true,"showParticleSystems":true,"showVisualEffectGraphs":true,"m_FxEnabled":true},"in2DMode":false,"pivot":{"x":11.253591537475586,"y":4.559363842010498,"z":-18.363994598388673},"rotation":{"x":-0.08255410939455033,"y":0.9011276960372925,"z":-0.19654245674610139,"w":-0.37767666578292849},"size":0.033974647521972659,"orthographic":false}