{"cameraMode":{"drawMode":0,"name":"Shaded","section":"Shading Mode"},"sceneLighting":false,"audioPlay":false,"sceneViewState":{"m_AlwaysRefresh":false,"showFog":true,"showSkybox":true,"showFlares":true,"showImageEffects":true,"showParticleSystems":true,"showVisualEffectGraphs":true,"m_FxEnabled":true},"in2DMode":false,"pivot":{"x":-9.530275344848633,"y":3.353729248046875,"z":-2.4485182762145998},"rotation":{"x":0.15688331425189973,"y":-0.23661553859710694,"z":0.03879406303167343,"w":0.9581259489059448},"size":1.4660253524780274,"orthographic":false}