{"cameraMode":{"drawMode":0,"name":"Shaded","section":"Shading Mode"},"sceneLighting":true,"audioPlay":false,"sceneViewState":{"m_AlwaysRefresh":false,"showFog":true,"showSkybox":true,"showFlares":true,"showImageEffects":true,"showParticleSystems":true,"showVisualEffectGraphs":true,"m_FxEnabled":true},"in2DMode":false,"pivot":{"x":8.870826721191407,"y":3.1716623306274416,"z":-34.619197845458987},"rotation":{"x":0.05511775240302086,"y":0.753666341304779,"z":-0.06367063522338867,"w":0.6518730521202087},"size":1.4660253524780274,"orthographic":false}