{"cameraMode":{"drawMode":0,"name":"Shaded","section":"Shading Mode"},"sceneLighting":true,"audioPlay":false,"sceneViewState":{"m_AlwaysRefresh":false,"showFog":true,"showSkybox":true,"showFlares":true,"showImageEffects":true,"showParticleSystems":true,"showVisualEffectGraphs":true,"m_FxEnabled":true},"in2DMode":false,"pivot":{"x":7.301075458526611,"y":4.403092861175537,"z":-22.537015914916993},"rotation":{"x":-0.12926770746707917,"y":-0.18657436966896058,"z":0.02476992830634117,"w":-0.9735972881317139},"size":0.10150647163391113,"orthographic":false}