{"cameraMode":{"drawMode":0,"name":"Shaded","section":"Shading Mode"},"sceneLighting":true,"audioPlay":false,"sceneViewState":{"m_AlwaysRefresh":false,"showFog":true,"showSkybox":true,"showFlares":true,"showImageEffects":true,"showParticleSystems":true,"showVisualEffectGraphs":true,"m_FxEnabled":true},"in2DMode":false,"pivot":{"x":10.000661849975586,"y":1.9185595512390137,"z":9.735554695129395},"rotation":{"x":0.12902384996414185,"y":0.4547930955886841,"z":-0.06681615859270096,"w":0.8786832690238953},"size":2.410182476043701,"orthographic":false}