{"cameraMode":{"drawMode":0,"name":"Shaded","section":"Shading Mode"},"sceneLighting":false,"audioPlay":false,"sceneViewState":{"m_AlwaysRefresh":false,"showFog":true,"showSkybox":true,"showFlares":true,"showImageEffects":true,"showParticleSystems":true,"showVisualEffectGraphs":true,"m_FxEnabled":true},"in2DMode":false,"pivot":{"x":17.838979721069337,"y":-1.4147310256958008,"z":13.434741973876954},"rotation":{"x":-0.44872790575027468,"y":0.23588356375694276,"z":-0.1235935389995575,"w":-0.8531352877616882},"size":6.967487812042236,"orthographic":false}