{"cameraMode":{"drawMode":0,"name":"Shaded","section":"Shading Mode"},"sceneLighting":true,"audioPlay":false,"sceneViewState":{"m_AlwaysRefresh":false,"showFog":true,"showSkybox":true,"showFlares":true,"showImageEffects":true,"showParticleSystems":true,"showVisualEffectGraphs":true,"m_FxEnabled":true},"in2DMode":false,"pivot":{"x":0.5803337693214417,"y":-3.2824249267578127,"z":-1.4860985279083253},"rotation":{"x":-0.679196834564209,"y":0.007102395873516798,"z":-0.00607714569196105,"w":-0.7340531349182129},"size":20.20148277282715,"orthographic":false}