{"cameraMode":{"drawMode":0,"name":"Shaded","section":"Shading Mode"},"sceneLighting":false,"audioPlay":false,"sceneViewState":{"m_AlwaysRefresh":false,"showFog":true,"showSkybox":true,"showFlares":true,"showImageEffects":true,"showParticleSystems":true,"showVisualEffectGraphs":true,"m_FxEnabled":true},"in2DMode":false,"pivot":{"x":2.4555556774139406,"y":4.016578674316406,"z":0.15316951274871827},"rotation":{"x":0.6749728918075562,"y":0.09967408329248429,"z":-0.09339795261621475,"w":0.7252070903778076},"size":13.15988540649414,"orthographic":false}