{"cameraMode":{"drawMode":0,"name":"Shaded","section":"Shading Mode"},"sceneLighting":true,"audioPlay":false,"sceneViewState":{"m_AlwaysRefresh":false,"showFog":true,"showSkybox":true,"showFlares":true,"showImageEffects":true,"showParticleSystems":true,"showVisualEffectGraphs":true,"m_FxEnabled":true},"in2DMode":false,"pivot":{"x":-5.833118438720703,"y":4.0304484367370609,"z":3.292349338531494},"rotation":{"x":0.36307764053344729,"y":-0.48256540298461916,"z":0.22897928953170777,"w":0.7636397480964661},"size":2.1233270168304445,"orthographic":false}