{"cameraMode":{"drawMode":0,"name":"Shaded","section":"Shading Mode"},"sceneLighting":true,"audioPlay":false,"sceneViewState":{"m_AlwaysRefresh":false,"showFog":true,"showSkybox":true,"showFlares":true,"showImageEffects":true,"showParticleSystems":true,"showVisualEffectGraphs":true,"m_FxEnabled":false},"in2DMode":false,"pivot":{"x":0.25413650274276736,"y":4.201695919036865,"z":-15.172035217285157},"rotation":{"x":-0.07605662196874619,"y":0.6967542171478272,"z":-0.07471025735139847,"w":-0.7094095945358276},"size":1.207395076751709,"orthographic":false}