{"cameraMode":{"drawMode":0,"name":"Shaded","section":"Shading Mode"},"sceneLighting":true,"audioPlay":false,"sceneViewState":{"m_AlwaysRefresh":false,"showFog":true,"showSkybox":true,"showFlares":true,"showImageEffects":true,"showParticleSystems":true,"showVisualEffectGraphs":true,"m_FxEnabled":false},"in2DMode":false,"pivot":{"x":20.163293838500978,"y":-3.1095218658447267,"z":14.651272773742676},"rotation":{"x":-0.41935771703720095,"y":-0.09550046920776367,"z":0.04441889375448227,"w":-0.9017184376716614},"size":8.192338943481446,"orthographic":false}