{"cameraMode":{"drawMode":0,"name":"Shaded","section":"Shading Mode"},"sceneLighting":true,"audioPlay":false,"sceneViewState":{"m_AlwaysRefresh":false,"showFog":true,"showSkybox":true,"showFlares":true,"showImageEffects":true,"showParticleSystems":true,"showVisualEffectGraphs":true,"m_FxEnabled":true},"in2DMode":false,"pivot":{"x":-18.165557861328126,"y":4.194487571716309,"z":15.081574440002442},"rotation":{"x":-0.21037237346172334,"y":0.5358302593231201,"z":-0.13977178931236268,"w":-0.8058091998100281},"size":0.9339746832847595,"orthographic":false}