{"cameraMode":{"drawMode":0,"name":"Shaded","section":"Shading Mode"},"sceneLighting":true,"audioPlay":false,"sceneViewState":{"m_AlwaysRefresh":false,"showFog":true,"showSkybox":true,"showFlares":true,"showImageEffects":true,"showParticleSystems":true,"showVisualEffectGraphs":true,"m_FxEnabled":false},"in2DMode":false,"pivot":{"x":0.4396464228630066,"y":4.088302135467529,"z":-14.509313583374024},"rotation":{"x":-0.020070919767022134,"y":0.7489169239997864,"z":-0.022708727046847345,"w":-0.6620361804962158},"size":0.3339746594429016,"orthographic":false}