{"cameraMode":{"drawMode":0,"name":"Shaded","section":"Shading Mode"},"sceneLighting":true,"audioPlay":false,"sceneViewState":{"m_AlwaysRefresh":false,"showFog":true,"showSkybox":true,"showFlares":true,"showImageEffects":true,"showParticleSystems":true,"showVisualEffectGraphs":true,"m_FxEnabled":false},"in2DMode":false,"pivot":{"x":7.229292869567871,"y":5.9390363693237309,"z":-33.423065185546878},"rotation":{"x":-0.19336186349391938,"y":0.08405271917581558,"z":-0.016621585935354234,"w":-0.9774033427238464},"size":0.7928590774536133,"orthographic":false}