{"cameraMode":{"drawMode":0,"name":"Shaded","section":"Shading Mode"},"sceneLighting":true,"audioPlay":false,"sceneViewState":{"m_AlwaysRefresh":false,"showFog":true,"showSkybox":true,"showFlares":true,"showImageEffects":true,"showParticleSystems":true,"showVisualEffectGraphs":true,"m_FxEnabled":false},"in2DMode":false,"pivot":{"x":10.413683891296387,"y":4.455432891845703,"z":-23.727466583251954},"rotation":{"x":0.006701917853206396,"y":-0.9887255430221558,"z":0.1421678364276886,"w":0.04660997912287712},"size":1.356379747390747,"orthographic":false}