{"cameraMode":{"drawMode":0,"name":"Shaded","section":"Shading Mode"},"sceneLighting":true,"audioPlay":false,"sceneViewState":{"m_AlwaysRefresh":false,"showFog":true,"showSkybox":true,"showFlares":true,"showImageEffects":true,"showParticleSystems":true,"showVisualEffectGraphs":true,"m_FxEnabled":true},"in2DMode":false,"pivot":{"x":-14.42979907989502,"y":6.30613374710083,"z":10.736085891723633},"rotation":{"x":-0.08142508566379547,"y":-0.12823402881622315,"z":-0.010539638809859753,"w":0.9883821606636047},"size":1.1114506721496583,"orthographic":false}