{"cameraMode":{"drawMode":0,"name":"Shaded","section":"Shading Mode"},"sceneLighting":true,"audioPlay":false,"sceneViewState":{"m_AlwaysRefresh":false,"showFog":true,"showSkybox":true,"showFlares":true,"showImageEffects":true,"showParticleSystems":true,"showVisualEffectGraphs":true,"m_FxEnabled":false},"in2DMode":false,"pivot":{"x":17.19644546508789,"y":4.325092315673828,"z":-19.408618927001954},"rotation":{"x":0.0011508723255246878,"y":0.12177751958370209,"z":0.00037378689739853144,"w":-0.9926506280899048},"size":0.9828969836235046,"orthographic":false}