{"cameraMode":{"drawMode":0,"name":"Shaded","section":"Shading Mode"},"sceneLighting":true,"audioPlay":false,"sceneViewState":{"m_AlwaysRefresh":false,"showFog":true,"showSkybox":true,"showFlares":true,"showImageEffects":true,"showParticleSystems":true,"showVisualEffectGraphs":true,"m_FxEnabled":false},"in2DMode":false,"pivot":{"x":14.158573150634766,"y":4.169143199920654,"z":-21.316123962402345},"rotation":{"x":-0.06852307915687561,"y":-0.6964594721794128,"z":0.06538131088018418,"w":-0.7119212746620178},"size":1.9242639541625977,"orthographic":false}