{"cameraMode":{"drawMode":0,"name":"Shaded","section":"Shading Mode"},"sceneLighting":true,"audioPlay":false,"sceneViewState":{"m_AlwaysRefresh":false,"showFog":true,"showSkybox":true,"showFlares":true,"showImageEffects":true,"showParticleSystems":true,"showVisualEffectGraphs":true,"m_FxEnabled":true},"in2DMode":false,"pivot":{"x":-13.039441108703614,"y":3.7203023433685304,"z":-17.115365982055665},"rotation":{"x":-0.02369833178818226,"y":0.9749560952186585,"z":-0.1282661259174347,"w":-0.18013224005699159},"size":1.9219672679901124,"orthographic":false}