{"cameraMode":{"drawMode":0,"name":"Shaded","section":"Shading Mode"},"sceneLighting":true,"audioPlay":false,"sceneViewState":{"m_AlwaysRefresh":false,"showFog":true,"showSkybox":true,"showFlares":true,"showImageEffects":true,"showParticleSystems":true,"showVisualEffectGraphs":true,"m_FxEnabled":false},"in2DMode":false,"pivot":{"x":7.599459171295166,"y":4.04246711730957,"z":-10.860578536987305},"rotation":{"x":-0.0003182566724717617,"y":-0.999931812286377,"z":0.016812985762953759,"w":0.006518485955893993},"size":1.6428191661834717,"orthographic":false}