{"cameraMode":{"drawMode":0,"name":"Shaded","section":"Shading Mode"},"sceneLighting":true,"audioPlay":false,"sceneViewState":{"m_AlwaysRefresh":false,"showFog":true,"showSkybox":true,"showFlares":true,"showImageEffects":true,"showParticleSystems":true,"showVisualEffectGraphs":true,"m_FxEnabled":false},"in2DMode":false,"pivot":{"x":12.065218925476075,"y":4.220138072967529,"z":-21.3258113861084},"rotation":{"x":-0.0016519540222361684,"y":0.5113401412963867,"z":-0.0036935978569090368,"w":-0.8599022030830383},"size":0.033974647521972659,"orthographic":false}