{"cameraMode":{"drawMode":0,"name":"Shaded","section":"Shading Mode"},"sceneLighting":true,"audioPlay":false,"sceneViewState":{"m_AlwaysRefresh":false,"showFog":true,"showSkybox":true,"showFlares":true,"showImageEffects":true,"showParticleSystems":true,"showVisualEffectGraphs":true,"m_FxEnabled":false},"in2DMode":false,"pivot":{"x":0.9984093308448792,"y":10.15240478515625,"z":-7.945240020751953},"rotation":{"x":0.40979239344596865,"y":0.06428413838148117,"z":-0.028808586299419404,"w":0.9095157980918884},"size":9.563514709472657,"orthographic":false}