{"cameraMode":{"drawMode":0,"name":"Shaded","section":"Shading Mode"},"sceneLighting":true,"audioPlay":false,"sceneViewState":{"m_AlwaysRefresh":false,"showFog":true,"showSkybox":true,"showFlares":true,"showImageEffects":true,"showParticleSystems":true,"showVisualEffectGraphs":true,"m_FxEnabled":true},"in2DMode":false,"pivot":{"x":-15.466371536254883,"y":4.521685600280762,"z":9.397623062133789},"rotation":{"x":-0.03063303790986538,"y":-0.9675905704498291,"z":0.20502564311027528,"w":-0.14447586238384248},"size":1.8339745998382569,"orthographic":false}