{"cameraMode":{"drawMode":0,"name":"Shaded","section":"Shading Mode"},"sceneLighting":true,"audioPlay":false,"sceneViewState":{"m_AlwaysRefresh":false,"showFog":true,"showSkybox":true,"showFlares":true,"showImageEffects":true,"showParticleSystems":true,"showVisualEffectGraphs":true,"m_FxEnabled":false},"in2DMode":false,"pivot":{"x":0.5237030982971191,"y":3.8019766807556154,"z":-14.76087760925293},"rotation":{"x":-0.028644710779190065,"y":0.6840460300445557,"z":-0.02691148966550827,"w":-0.7284250855445862},"size":2.2615981101989748,"orthographic":false}