{"cameraMode":{"drawMode":0,"name":"Shaded","section":"Shading Mode"},"sceneLighting":true,"audioPlay":false,"sceneViewState":{"m_AlwaysRefresh":false,"showFog":true,"showSkybox":true,"showFlares":true,"showImageEffects":true,"showParticleSystems":true,"showVisualEffectGraphs":true,"m_FxEnabled":true},"in2DMode":false,"pivot":{"x":-0.24747323989868165,"y":3.9476478099823,"z":-11.354175567626954},"rotation":{"x":-0.010954514145851136,"y":-0.9363744854927063,"z":0.029859814792871476,"w":-0.3498838543891907},"size":1.6847891807556153,"orthographic":false}