{"cameraMode":{"drawMode":0,"name":"Shaded","section":"Shading Mode"},"sceneLighting":true,"audioPlay":false,"sceneViewState":{"m_AlwaysRefresh":false,"showFog":true,"showSkybox":true,"showFlares":true,"showImageEffects":true,"showParticleSystems":true,"showVisualEffectGraphs":true,"m_FxEnabled":false},"in2DMode":false,"pivot":{"x":-0.4546964168548584,"y":4.2960429191589359,"z":-15.109308242797852},"rotation":{"x":-0.014107753522694111,"y":-0.7716547846794128,"z":-0.017125729471445085,"w":0.6356956958770752},"size":0.6339746713638306,"orthographic":false}