{"cameraMode":{"drawMode":0,"name":"Shaded","section":"Shading Mode"},"sceneLighting":true,"audioPlay":false,"sceneViewState":{"m_AlwaysRefresh":false,"showFog":true,"showSkybox":true,"showFlares":true,"showImageEffects":true,"showParticleSystems":true,"showVisualEffectGraphs":true,"m_FxEnabled":true},"in2DMode":false,"pivot":{"x":13.13795280456543,"y":3.6385276317596437,"z":6.8980021476745609},"rotation":{"x":-0.08608296513557434,"y":-0.8734911680221558,"z":0.1673438847064972,"w":-0.44910287857055666},"size":2.0623724460601808,"orthographic":false}