{"cameraMode":{"drawMode":0,"name":"Shaded","section":"Shading Mode"},"sceneLighting":true,"audioPlay":false,"sceneViewState":{"m_AlwaysRefresh":false,"showFog":true,"showSkybox":true,"showFlares":true,"showImageEffects":true,"showParticleSystems":true,"showVisualEffectGraphs":true,"m_FxEnabled":true},"in2DMode":false,"pivot":{"x":-19.604665756225587,"y":3.7465672492980959,"z":14.690774917602539},"rotation":{"x":-0.027288611978292466,"y":0.7189659476280212,"z":-0.028280217200517656,"w":-0.6939488053321838},"size":0.3339746594429016,"orthographic":false}