{"cameraMode":{"drawMode":0,"name":"Shaded","section":"Shading Mode"},"sceneLighting":true,"audioPlay":false,"sceneViewState":{"m_AlwaysRefresh":false,"showFog":true,"showSkybox":true,"showFlares":true,"showImageEffects":true,"showParticleSystems":true,"showVisualEffectGraphs":true,"m_FxEnabled":false},"in2DMode":false,"pivot":{"x":-0.26189231872558596,"y":-1.8935565948486329,"z":-18.646282196044923},"rotation":{"x":-0.21841947734355927,"y":0.3082209825515747,"z":-0.07460109144449234,"w":-0.9233424663543701},"size":8.892335891723633,"orthographic":false}