{"cameraMode":{"drawMode":0,"name":"Shaded","section":"Shading Mode"},"sceneLighting":true,"audioPlay":false,"sceneViewState":{"m_AlwaysRefresh":false,"showFog":true,"showSkybox":true,"showFlares":true,"showImageEffects":true,"showParticleSystems":true,"showVisualEffectGraphs":true,"m_FxEnabled":true},"in2DMode":false,"pivot":{"x":14.784805297851563,"y":3.1568384170532228,"z":4.219244956970215},"rotation":{"x":0.13251851499080659,"y":-0.8671568632125855,"z":0.3282432556152344,"w":0.3504580855369568},"size":3.3000168800354006,"orthographic":false}