{"cameraMode":{"drawMode":0,"name":"Shaded","section":"Shading Mode"},"sceneLighting":true,"audioPlay":false,"sceneViewState":{"m_AlwaysRefresh":false,"showFog":true,"showSkybox":true,"showFlares":true,"showImageEffects":true,"showParticleSystems":true,"showVisualEffectGraphs":true,"m_FxEnabled":false},"in2DMode":false,"pivot":{"x":10.582695007324219,"y":3.3790183067321779,"z":-19.288921356201173},"rotation":{"x":0.1244877502322197,"y":-0.0008715006988495588,"z":0.00009409922495251521,"w":0.9922312498092651},"size":2.0475409030914308,"orthographic":false}