{"cameraMode":{"drawMode":0,"name":"Shaded","section":"Shading Mode"},"sceneLighting":true,"audioPlay":false,"sceneViewState":{"m_AlwaysRefresh":false,"showFog":true,"showSkybox":true,"showFlares":true,"showImageEffects":true,"showParticleSystems":true,"showVisualEffectGraphs":true,"m_FxEnabled":true},"in2DMode":false,"pivot":{"x":-19.739891052246095,"y":4.733650207519531,"z":-26.156932830810548},"rotation":{"x":0.019297903403639795,"y":-0.9349204897880554,"z":0.05137007683515549,"w":0.35064956545829775},"size":7.7073822021484379,"orthographic":false}