{"cameraMode":{"drawMode":0,"name":"Shaded","section":"Shading Mode"},"sceneLighting":true,"audioPlay":false,"sceneViewState":{"m_AlwaysRefresh":false,"showFog":true,"showSkybox":true,"showFlares":true,"showImageEffects":true,"showParticleSystems":true,"showVisualEffectGraphs":true,"m_FxEnabled":false},"in2DMode":false,"pivot":{"x":0.08248211443424225,"y":4.345638751983643,"z":-15.28338623046875},"rotation":{"x":0.002361527644097805,"y":-0.7009372711181641,"z":0.0023200700525194408,"w":0.71324223279953},"size":0.38915306329727175,"orthographic":false}