{"cameraMode":{"drawMode":0,"name":"Shaded","section":"Shading Mode"},"sceneLighting":true,"audioPlay":false,"sceneViewState":{"m_AlwaysRefresh":false,"showFog":true,"showSkybox":true,"showFlares":true,"showImageEffects":true,"showParticleSystems":true,"showVisualEffectGraphs":true,"m_FxEnabled":false},"in2DMode":false,"pivot":{"x":7.627960681915283,"y":4.727133274078369,"z":7.849496841430664},"rotation":{"x":-0.03263681009411812,"y":-0.052826445549726489,"z":-0.0017486907308921219,"w":0.9980942010879517},"size":2.951502799987793,"orthographic":false}