{"cameraMode":{"drawMode":0,"name":"Shaded","section":"Shading Mode"},"sceneLighting":true,"audioPlay":false,"sceneViewState":{"m_AlwaysRefresh":false,"showFog":true,"showSkybox":true,"showFlares":true,"showImageEffects":true,"showParticleSystems":true,"showVisualEffectGraphs":true,"m_FxEnabled":false},"in2DMode":false,"pivot":{"x":-3.5363965034484865,"y":3.4179537296295168,"z":-3.9456043243408205},"rotation":{"x":-0.3384752869606018,"y":0.28478890657424929,"z":-0.10827216506004334,"w":-0.8902883529663086},"size":0.3339746594429016,"orthographic":false}