{"cameraMode":{"drawMode":0,"name":"Shaded","section":"Shading Mode"},"sceneLighting":true,"audioPlay":false,"sceneViewState":{"m_AlwaysRefresh":false,"showFog":true,"showSkybox":true,"showFlares":true,"showImageEffects":true,"showParticleSystems":true,"showVisualEffectGraphs":true,"m_FxEnabled":false},"in2DMode":false,"pivot":{"x":6.468496322631836,"y":4.62748908996582,"z":-5.769747734069824},"rotation":{"x":-0.00020734150893986225,"y":-0.9987794756889343,"z":0.04979199543595314,"w":-0.007486519403755665},"size":4.460913181304932,"orthographic":false}