{"cameraMode":{"drawMode":0,"name":"Shaded","section":"Shading Mode"},"sceneLighting":true,"audioPlay":false,"sceneViewState":{"m_AlwaysRefresh":false,"showFog":true,"showSkybox":true,"showFlares":true,"showImageEffects":true,"showParticleSystems":true,"showVisualEffectGraphs":true,"m_FxEnabled":false},"in2DMode":false,"pivot":{"x":10.700498580932618,"y":3.7077157497406008,"z":-18.207178115844728},"rotation":{"x":-0.22205345332622529,"y":-0.006896461360156536,"z":-0.0008054395439103246,"w":-0.9754784107208252},"size":0.8660253882408142,"orthographic":false}